{
  "name": "angular-resource",
  "version": "1.6.1",
  "license": "MIT",
  "main": "./angular-resource.js",
  "ignore": [],
  "dependencies": {
    "angular": "1.6.1"
  },
  "homepage": "https://github.com/angular/bower-angular-resource",
  "_release": "1.6.1",
  "_resolution": {
    "type": "version",
    "tag": "v1.6.1",
    "commit": "d203a7dae4943f2ef39693b5e4b456be6369ec53"
  },
  "_source": "https://github.com/angular/bower-angular-resource.git",
  "_target": "1.6.1",
  "_originalSource": "angular-resource",
  "_direct": true
}